year,total_loss,total_victims
2021,309470943.14000016,52832
2022,444355315.42999977,47551
2023,497239289.71,35746
2024,524288974.7000013,30253
2025,439048067.92000055,19264
